{
  "benchmark" : "com.mulesoft.weave.benchmark.runtime.ValueSelectorBenchmarkTest.xml",
  "mode" : "avgt",
  "threads" : 1,
  "forks" : 2,
  "warmupIterations" : 1,
  "warmupTime" : "1 s",
  "warmupBatchSize" : 1,
  "measurementIterations" : 1,
  "measurementTime" : "1 s",
  "measurementBatchSize" : 1,
  "params" : {
    "amount" : "100"
  },
  "primaryMetric" : {
    "score" : 1345829.1295966431,
    "scoreError" : "NaN",
    "scoreConfidence" : [
      "NaN",
      "NaN"
    ],
    "scorePercentiles" : {
      "0.0" : 1248034.957605985,
      "50.0" : 1345829.1295966431,
      "90.0" : 1443623.3015873015,
      "95.0" : 1443623.3015873015,
      "99.0" : 1443623.3015873015,
      "99.9" : 1443623.3015873015,
      "99.99" : 1443623.3015873015,
      "99.999" : 1443623.3015873015,
      "99.9999" : 1443623.3015873015,
      "100.0" : 1443623.3015873015
    },
    "scoreUnit" : "ns/op",
    "rawData" : [
      [
        1248034.957605985
      ],
      [
        1443623.3015873015
      ]
    ]
  },
  "secondaryMetrics" : {
    "·gc.alloc.rate" : {
      "score" : 545.9058462708547,
      "scoreError" : "NaN",
      "scoreConfidence" : [
        "NaN",
        "NaN"
      ],
      "scorePercentiles" : {
        "0.0" : 506.23306250266376,
        "50.0" : 545.9058462708547,
        "90.0" : 585.5786300390455,
        "95.0" : 585.5786300390455,
        "99.0" : 585.5786300390455,
        "99.9" : 585.5786300390455,
        "99.99" : 585.5786300390455,
        "99.999" : 585.5786300390455,
        "99.9999" : 585.5786300390455,
        "100.0" : 585.5786300390455
      },
      "scoreUnit" : "MB/sec",
      "rawData" : [
        [
          585.5786300390455
        ],
        [
          506.23306250266376
        ]
      ]
    },
    "·gc.alloc.rate.norm" : {
      "score" : 766652.5131903286,
      "scoreError" : "NaN",
      "scoreConfidence" : [
        "NaN",
        "NaN"
      ],
      "scorePercentiles" : {
        "0.0" : 766651.0014430014,
        "50.0" : 766652.5131903286,
        "90.0" : 766654.0249376559,
        "95.0" : 766654.0249376559,
        "99.0" : 766654.0249376559,
        "99.9" : 766654.0249376559,
        "99.99" : 766654.0249376559,
        "99.999" : 766654.0249376559,
        "99.9999" : 766654.0249376559,
        "100.0" : 766654.0249376559
      },
      "scoreUnit" : "B/op",
      "rawData" : [
        [
          766654.0249376559
        ],
        [
          766651.0014430014
        ]
      ]
    },
    "·gc.churn.PS_Eden_Space" : {
      "score" : 588.3424544311504,
      "scoreError" : "NaN",
      "scoreConfidence" : [
        "NaN",
        "NaN"
      ],
      "scorePercentiles" : {
        "0.0" : 585.486779853384,
        "50.0" : 588.3424544311504,
        "90.0" : 591.1981290089169,
        "95.0" : 591.1981290089169,
        "99.0" : 591.1981290089169,
        "99.9" : 591.1981290089169,
        "99.99" : 591.1981290089169,
        "99.999" : 591.1981290089169,
        "99.9999" : 591.1981290089169,
        "100.0" : 591.1981290089169
      },
      "scoreUnit" : "MB/sec",
      "rawData" : [
        [
          591.1981290089169
        ],
        [
          585.486779853384
        ]
      ]
    },
    "·gc.churn.PS_Eden_Space.norm" : {
      "score" : 830342.933546365,
      "scoreError" : "NaN",
      "scoreConfidence" : [
        "NaN",
        "NaN"
      ],
      "scorePercentiles" : {
        "0.0" : 774011.2119700748,
        "50.0" : 830342.933546365,
        "90.0" : 886674.6551226551,
        "95.0" : 886674.6551226551,
        "99.0" : 886674.6551226551,
        "99.9" : 886674.6551226551,
        "99.99" : 886674.6551226551,
        "99.999" : 886674.6551226551,
        "99.9999" : 886674.6551226551,
        "100.0" : 886674.6551226551
      },
      "scoreUnit" : "B/op",
      "rawData" : [
        [
          774011.2119700748
        ],
        [
          886674.6551226551
        ]
      ]
    },
    "·gc.churn.PS_Survivor_Space" : {
      "score" : 2.3952819116012574,
      "scoreError" : "NaN",
      "scoreConfidence" : [
        "NaN",
        "NaN"
      ],
      "scorePercentiles" : {
        "0.0" : 0.1560383575298028,
        "50.0" : 2.3952819116012574,
        "90.0" : 4.634525465672712,
        "95.0" : 4.634525465672712,
        "99.0" : 4.634525465672712,
        "99.9" : 4.634525465672712,
        "99.99" : 4.634525465672712,
        "99.999" : 4.634525465672712,
        "99.9999" : 4.634525465672712,
        "100.0" : 4.634525465672712
      },
      "scoreUnit" : "MB/sec",
      "rawData" : [
        [
          0.1560383575298028
        ],
        [
          4.634525465672712
        ]
      ]
    },
    "·gc.churn.PS_Survivor_Space.norm" : {
      "score" : 3611.4606557200073,
      "scoreError" : "NaN",
      "scoreConfidence" : [
        "NaN",
        "NaN"
      ],
      "scorePercentiles" : {
        "0.0" : 204.28927680798006,
        "50.0" : 3611.4606557200073,
        "90.0" : 7018.632034632034,
        "95.0" : 7018.632034632034,
        "99.0" : 7018.632034632034,
        "99.9" : 7018.632034632034,
        "99.99" : 7018.632034632034,
        "99.999" : 7018.632034632034,
        "99.9999" : 7018.632034632034,
        "100.0" : 7018.632034632034
      },
      "scoreUnit" : "B/op",
      "rawData" : [
        [
          204.28927680798006
        ],
        [
          7018.632034632034
        ]
      ]
    },
    "·gc.count" : {
      "score" : 8.0,
      "scoreError" : "NaN",
      "scoreConfidence" : [
        8.0,
        8.0
      ],
      "scorePercentiles" : {
        "0.0" : 4.0,
        "50.0" : 4.0,
        "90.0" : 4.0,
        "95.0" : 4.0,
        "99.0" : 4.0,
        "99.9" : 4.0,
        "99.99" : 4.0,
        "99.999" : 4.0,
        "99.9999" : 4.0,
        "100.0" : 4.0
      },
      "scoreUnit" : "counts",
      "rawData" : [
        [
          4.0
        ],
        [
          4.0
        ]
      ]
    },
    "·gc.time" : {
      "score" : 20.0,
      "scoreError" : "NaN",
      "scoreConfidence" : [
        20.0,
        20.0
      ],
      "scorePercentiles" : {
        "0.0" : 7.0,
        "50.0" : 10.0,
        "90.0" : 13.0,
        "95.0" : 13.0,
        "99.0" : 13.0,
        "99.9" : 13.0,
        "99.99" : 13.0,
        "99.999" : 13.0,
        "99.9999" : 13.0,
        "100.0" : 13.0
      },
      "scoreUnit" : "ms",
      "rawData" : [
        [
          7.0
        ],
        [
          13.0
        ]
      ]
    }
  }
}